Subreddit,Titlu,Autor,Scor,Data,Link,Cuvinte cheie
r/romania,"Presa maghiarÄƒ ironizeazÄƒ RomÃ¢nia: â€Se viseazÄƒ gigant militar È™i independent, dar independenÈ›a ei Ã®ncepe cu È™uruburi importate""",/u/nohssiwi,,2025-11-04T11:45:07.000Z,https://www.reddit.com/r/Romania/comments/1oo59lp/presa_maghiarÄƒ_ironizeazÄƒ_romÃ¢nia_se_viseazÄƒ/,Romania
r/romania,"Adrian CrÄƒciun, lider de filialÄƒ AUR, ar fi fost prins drogat la volan",/u/Zealousideal-Act7502,,2025-11-04T12:59:54.000Z,https://www.reddit.com/r/Romania/comments/1oo6ev2/adrian_crÄƒciun_lider_de_filialÄƒ_aur_ar_fi_fost/,Romania
r/romania,campania lui Baluta be like,/u/jiggyeaaah991,,2025-11-04T13:00:31.000Z,https://www.reddit.com/r/Romania/comments/1oo6fgd/campania_lui_baluta_be_like/,Romania
r/romania,Candidatul anti-sistem la Primaria Bucuresti,/u/Substantial-Bad-713,,2025-11-04T13:39:40.000Z,https://www.reddit.com/r/Romania/comments/1oo7dj5/candidatul_antisistem_la_primaria_bucuresti/,Romania
r/romania,"Centrul rus de È™tiinÈ›Äƒ È™i culturÄƒ urmeazÄƒ sÄƒ fie scos Ã®n afara legii, conform unui proiect de guvern",/u/itrustpeople,,2025-11-04T14:49:06.000Z,https://www.reddit.com/r/Romania/comments/1oo93vc/centrul_rus_de_È™tiinÈ›Äƒ_È™i_culturÄƒ_urmeazÄƒ_sÄƒ_fie/,Romania
r/romania,"BREAKING IonuÈ› Costea, cumnatul lui Mircea GeoanÄƒ, È™i fostul ministru de FinanÈ›e Sebastian VlÄƒdescu, eliberaÈ›i pe prescripÈ›ie / Decizia, luatÄƒ de Curtea SupremÄƒ condusÄƒ de Lia Savonea, pe o procedurÄƒ extraordinarÄƒ",/u/Strict_Law2700,,2025-11-04T15:00:52.000Z,https://www.reddit.com/r/Romania/comments/1oo9eqs/breaking_ionuÈ›_costea_cumnatul_lui_mircea_geoanÄƒ/,Romania
r/romania,Columbia a depÄƒÈ™it RomÃ¢nia la numÄƒrul de videochatiste la nivel mondial.,/u/lerian,,2025-11-04T15:33:46.000Z,https://www.reddit.com/r/Romania/comments/1ooaa9t/columbia_a_depÄƒÈ™it_romÃ¢nia_la_numÄƒrul_de/,Romania
r/romania,Roma declarÄƒ o zi de doliu Ã®n memoria romÃ¢nului mort Ã®n Torre dei Conti. Sindicatele organizeazÄƒ un eveniment special Ã®n cinstea lui,/u/Jean-Luc-1701,,2025-11-04T16:40:21.000Z,https://www.reddit.com/r/Romania/comments/1ooc30g/roma_declarÄƒ_o_zi_de_doliu_Ã®n_memoria_romÃ¢nului/,Romania
r/romania,"O expertÄƒ Ã®n drepturile omului, propunerea USR pentru funcÈ›ia de Avocatul Poporului. Decizia va fi susÈ›inutÄƒ de coaliÈ›ie",/u/itrustpeople,,2025-11-04T16:45:51.000Z,https://www.reddit.com/r/Romania/comments/1ooc8eq/o_expertÄƒ_Ã®n_drepturile_omului_propunerea_usr/,Romania
r/romania,"CÄƒlin Georgescu, noi declaraÈ›ii bizare: â€Statele Unite ale Americii fac un tunel cu Rusia pe sub strÃ¢mtoarea Beringâ€",/u/KingBlana,,2025-11-04T17:02:08.000Z,https://www.reddit.com/r/Romania/comments/1oocoks/cÄƒlin_georgescu_noi_declaraÈ›ii_bizare_statele/,Romania
r/romania,"Cine este Roxana Rizoiu, propunerea USR pentru funcÈ›ia de Avocat al Poporului",/u/ThalesX,,2025-11-04T17:34:52.000Z,https://www.reddit.com/r/Romania/comments/1oodlh0/cine_este_roxana_rizoiu_propunerea_usr_pentru/,Romania
r/romania,Undercover,/u/Potential-Wish8608,,2025-11-04T19:01:39.000Z,https://www.reddit.com/r/Romania/comments/1oog0ei/undercover/,Romania
r/romania,LegÄƒtura dintre Anca Alexandrescu È™i grupul Nordis,/u/KingBlana,,2025-11-04T21:14:21.000Z,https://www.reddit.com/r/Romania/comments/1oojk18/legÄƒtura_dintre_anca_alexandrescu_È™i_grupul_nordis/,Romania
r/romania,De ce fugim de sigle?,/u/gumbii_was_taken,,2025-11-04T22:57:05.000Z,https://www.reddit.com/r/Romania/comments/1oom6xi/de_ce_fugim_de_sigle/,Romania
r/romania,"Liderul romilor din Roman, Ã®n stare gravÄƒ dupÄƒ ce s-a Ã®mpuÅŸcat Ã®n cap live pe TikTok. Medicii sunt rezervaÈ›i",/u/dorel,,2025-11-05T00:40:27.000Z,https://www.reddit.com/r/Romania/comments/1ooon1y/liderul_romilor_din_roman_Ã®n_stare_gravÄƒ_dupÄƒ_ce/,Romania
r/romania,"Un biolog romÃ¢n a descoperit cea mai mare pÃ¢nzÄƒ de pÄƒianjen vÄƒzutÄƒ vreodatÄƒ. MegaoraÈ™ul pÄƒianjenilor, Ã®n Ã®ntuneric total FOTO",/u/Bairrfhionn69,,2025-11-05T04:53:18.000Z,https://www.reddit.com/r/Romania/comments/1ooty9j/un_biolog_romÃ¢n_a_descoperit_cea_mai_mare_pÃ¢nzÄƒ/,Romania
r/romania,â€A fost visul meu. Ne facem plÄƒcerileâ€. Deputatul PSD cu BMW de peste 100.000 de euro are mai mulÈ›i bani Ã®n conturi decÃ¢t veniturile Ã®ncasate - Snoop,/u/Zealousideal-Act7502,,2025-11-05T05:07:45.000Z,https://www.reddit.com/r/Romania/comments/1oou82c/a_fost_visul_meu_ne_facem_plÄƒcerile_deputatul_psd/,Romania
r/romania,"Oare cat va mai dura in Romania trumpismul ditirambic, cultivat de la Simion, Grindeanu pana la Antena 3?",/u/Interesting_Cod_2718,,2025-11-05T05:46:51.000Z,https://www.reddit.com/r/Romania/comments/1ooux39/oare_cat_va_mai_dura_in_romania_trumpismul/,Romania
r/romania,"Transportul de pasageri cu trenul a Ã®nflorit Ã®n Europa, dar Ã®n RomÃ¢nia este Ã®n declin. La transportul de mÄƒrfuri, pentru supremaÅ£ie se bat Polonia ÅŸi Germania, iar polonezii pierd. Åi aici RomÃ¢nia este Ã®n declin",/u/BentudeSoli,,2025-11-05T06:30:00.000Z,https://www.reddit.com/r/Romania/comments/1oovn0b/transportul_de_pasageri_cu_trenul_a_Ã®nflorit_Ã®n/,Romania
r/romania,La sala de dimineata,/u/g_b,,2025-11-05T06:34:21.000Z,https://www.reddit.com/r/Romania/comments/1oovpmh/la_sala_de_dimineata/,Romania
r/romania,BunÄƒ dimineaÈ›a Siril Anchezilor,/u/KingBlana,,2025-11-05T07:09:03.000Z,https://www.reddit.com/r/Romania/comments/1oow9r8/bunÄƒ_dimineaÈ›a_siril_anchezilor/,Romania
r/romania,CSM Ã®ncearcÄƒ sÄƒ mute procesul privind numirea Liei Savonea ca È™ef al instanÈ›ei supreme,/u/BentudeSoli,,2025-11-05T07:21:21.000Z,https://www.reddit.com/r/Romania/comments/1oowgmu/csm_Ã®ncearcÄƒ_sÄƒ_mute_procesul_privind_numirea/,Romania
r/romania,Cum a evitat G4Media Ã®ntrebÄƒrile incomode pentru BÄƒluÈ›Äƒ È™i l-a ajutat sÄƒ calmeze alegÄƒtorii USR,/u/BentudeSoli,,2025-11-05T07:27:22.000Z,https://www.reddit.com/r/Romania/comments/1oowjvt/cum_a_evitat_g4media_Ã®ntrebÄƒrile_incomode_pentru/,Romania
r/romania,Zohran Mamdani a devenit primarul New York-ului,/u/Socialistic_Libtard,,2025-11-05T07:38:40.000Z,https://www.reddit.com/r/Romania/comments/1oowq6k/zohran_mamdani_a_devenit_primarul_new_yorkului/,Romania
r/romania,PercheziÈ›ii de amploare la â€medici falÈ™iâ€. Cum È™i-ar fi obÈ›inut fictiv diplome de rezidenÈ›iat Ã®n Republica Moldova,/u/itrustpeople,,2025-11-05T08:58:00.000Z,https://www.reddit.com/r/Romania/comments/1ooxxli/percheziÈ›ii_de_amploare_la_medici_falÈ™i_cum_È™iar/,Romania
r/romania,"Diana Buzoianu: Am convins toatÄƒ Uniunea EuropeanÄƒ È™i Comisia EuropenÄƒ sÄƒ acordÄƒm statelor Ã®ncÄƒ un an, pÃ¢nÄƒ Ã®n 2028, pentru implementarea schemei de certificate de emisii pentru domeniile de transport È™i construcÈ›ii!",/u/Fulgeralbastru,,2025-11-05T09:07:50.000Z,https://www.reddit.com/r/Romania/comments/1ooy334/diana_buzoianu_am_convins_toatÄƒ_uniunea_europeanÄƒ/,Romania
r/romania,BucureÈ™tiul are aproape la fel de multe cazinouri ca È™i Las Vegas È™i de aproape douÄƒ ori È™i jumÄƒtate mai multe ca Macao,/u/DemocratiaIncaEVie,,2025-11-05T09:37:41.000Z,https://www.reddit.com/r/Romania/comments/1ooyjb6/bucureÈ™tiul_are_aproape_la_fel_de_multe_cazinouri/,Romania
r/romania,"De la â€cÈƒt eÅŸti pe banii mei faci ce Ã®Å£i spun euâ€,pÈƒnÄƒ la â€am bani sÄƒ te cumpÄƒr ÅŸi pe tine ÅŸi tot neamul tÄƒuâ€. Despre psihologia banilor: rolurile psihologice",/u/Immunix,,2025-11-05T09:47:18.000Z,https://www.reddit.com/r/Romania/comments/1ooyom2/de_la_cÈƒt_eÅŸti_pe_banii_mei_faci_ce_Ã®Å£i_spun/,Romania
r/romania,BREAKING | Legendarul Emeric Ienei a murit. Avea 88 de ani,/u/random324B21,,2025-11-05T09:53:17.000Z,https://www.reddit.com/r/Romania/comments/1ooyrym/breaking_legendarul_emeric_ienei_a_murit_avea_88/,Romania
r/romania,"PreÈ™edintele PNL Vaslui, Ã®n vizorul DNA. Trafic de influenÈ›Äƒ È™i È™antaj cu ajutorul unor foÈ™ti ofiÈ›eri din serviciile secrete",/u/itrustpeople,,2025-11-05T10:02:32.000Z,https://www.reddit.com/r/Romania/comments/1ooyx9i/preÈ™edintele_pnl_vaslui_Ã®n_vizorul_dna_trafic_de/,Romania
r/romania,"RomÃ¢nia Ã®n UE, a meritat? CreÈ™tere â€remarcabilÄƒâ€ de 558% Ã®ntre 2004 È™i 2024 a PIB-ului pe cap de locuitor, care plaseazÄƒ È›ara pe primul loc Ã®n rÃ¢ndul noilor state membre",/u/LongjumpingBowler244,,2025-11-05T11:38:26.000Z,https://www.reddit.com/r/Romania/comments/1op0j1u/romÃ¢nia_Ã®n_ue_a_meritat_creÈ™tere_remarcabilÄƒ_de/,Romania
r/romania,Oracle concediazÄƒ 404 angajaÅ£i Ã®n RomÃ¢nia. Care sunt condiÅ£iile disponibilizÄƒrii,/u/itrustpeople,,2025-11-05T11:42:06.000Z,https://www.reddit.com/r/Romania/comments/1op0lhs/oracle_concediazÄƒ_404_angajaÅ£i_Ã®n_romÃ¢nia_care/,Romania
r/romania,O neintelegere,/u/OppositeFingat,,2025-11-05T12:20:28.000Z,https://www.reddit.com/r/Romania/comments/1op1c6l/o_neintelegere/,Romania
r/romania,"BREAKING Roxana Rizoiu, propusÄƒ de USR ca Avocat al Poporului, l-a Ã®mprumutat cu 120.000 de lei pe NicuÈ™or Dan Ã®n campania pentru alegerile prezidenÈ›iale",/u/itrustpeople,,2025-11-05T12:50:47.000Z,https://www.reddit.com/r/Romania/comments/1op1z6j/breaking_roxana_rizoiu_propusÄƒ_de_usr_ca_avocat/,Romania
r/romania,"Cel mai tÃ¢nÄƒr instructor de zbor al NATO este romÃ¢n (locotenent Claudiu Fusaru, 25 de ani)",/u/nohssiwi,,2025-11-05T13:12:16.000Z,https://www.reddit.com/r/Romania/comments/1op2gtk/cel_mai_tÃ¢nÄƒr_instructor_de_zbor_al_nato_este/,Romania
r/romania,Drula: New York vs BucureÈ™ti,/u/Fulgeralbastru,,2025-11-05T13:13:19.000Z,https://www.reddit.com/r/Romania/comments/1op2hq0/drula_new_york_vs_bucureÈ™ti/,Romania
r/romania,"Vlad Gheorghe Ã®l acuzÄƒ pe CÄƒtÄƒlin DrulÄƒ cÄƒ i-ar fi plagiat sloganul â€UnSingurBucuresti, UnSingurPrimarâ€ / DrulÄƒ: E caraghios, sloganul meu e â€œÃmpreunÄƒ pe drumul onestâ€",/u/Strict_Law2700,,2025-11-05T13:38:48.000Z,https://www.reddit.com/r/Romania/comments/1op33x1/vlad_gheorghe_Ã®l_acuzÄƒ_pe_cÄƒtÄƒlin_drulÄƒ_cÄƒ_iar_fi/,Romania
r/romania,"BucureÈ™ti - Budapesta, Ã®n doar È™ase ore cu trenul, faÈ›Äƒ de 15 ore. Cum aratÄƒ planul Comisiei Europene pentru dezvoltarea trenurilor de mare vitezÄƒ pÃ¢nÄƒ Ã®n 2040",/u/LongjumpingBowler244,,2025-11-05T14:24:54.000Z,https://www.reddit.com/r/Romania/comments/1op48uj/bucureÈ™ti_budapesta_Ã®n_doar_È™ase_ore_cu_trenul/,Romania
r/romania,"Proiectul USR pentru reducerea numÄƒrului de viceprimari, respins de Camera DeputaÅ£ilor",/u/itrustpeople,,2025-11-05T14:31:44.000Z,https://www.reddit.com/r/Romania/comments/1op4f0y/proiectul_usr_pentru_reducerea_numÄƒrului_de/,Romania
r/romania,"Numele premierului Ilie Bolojan, Ã®n dosarul afaceristului FÄƒnel Bogos, cercetat acum de DNA. Guvernul confirmÄƒ cÄƒ Bolojan s-a vÄƒzut cu Bogos, dar susÈ›ine cÄƒ discuÈ›ia â€nu a avut niciun fel de urmÄƒriâ€",/u/Strict_Law2700,,2025-11-05T15:46:26.000Z,https://www.reddit.com/r/Romania/comments/1op6d6v/numele_premierului_ilie_bolojan_Ã®n_dosarul/,Romania
r/romania,"Stenogramele DNA aratÄƒ cÄƒ CÄƒlin Georgescu (aflat sub control judiciar) a fost angajat fictiv Ã®ntr-o companie din Viena, pentru a pÄƒrÄƒsi È›ara sub pretextul dreptului la muncÄƒ. Din reÈ›eaua care l-a ajutat cu aceastÄƒ angajare fac parte rezerviÈ™ti SRI È™i SIE",/u/DedalusStew,,2025-11-05T16:07:44.000Z,https://www.reddit.com/r/Romania/comments/1op6xsw/stenogramele_dna_aratÄƒ_cÄƒ_cÄƒlin_georgescu_aflat/,Romania
r/romania,"SURSE Opinia separatÄƒ semnatÄƒ de preÈ™edinta CCR, Simina TÄƒnÄƒsescu, È™i alÈ›i trei judecÄƒtori la legea privind pensiile magistraÈ›ilor este gata de luni / Este aÈ™teptatÄƒ Ã®n continuare opinia majoritarÄƒ care a declarat legea neconstituÈ›ionalÄƒ",/u/itrustpeople,,2025-11-05T16:16:32.000Z,https://www.reddit.com/r/Romania/comments/1op76gs/surse_opinia_separatÄƒ_semnatÄƒ_de_preÈ™edinta_ccr/,Romania
r/romania,Scandal Ã®ntr-o comunÄƒ din RomÃ¢nia: imagini cu un primar care ar agresa sexual o femeie Ã®n biroul sÄƒu. Edilul spune cÄƒ sunt fÄƒcute cu AI,/u/Vargau,,2025-11-05T19:03:04.000Z,https://www.reddit.com/r/Romania/comments/1opbv5n/scandal_Ã®ntro_comunÄƒ_din_romÃ¢nia_imagini_cu_un/,Romania
r/romania,"Anamaria Gavrila il intreaba pe Ceausescu de ce ""vorbeste sacadat"". Bonus: cearta si cu popandau Vela",/u/Advanced-Vermicelli8,,2025-11-05T19:54:58.000Z,https://www.reddit.com/r/Romania/comments/1opdan4/anamaria_gavrila_il_intreaba_pe_ceausescu_de_ce/,Romania
r/romania,Unele glume se scriu singure,/u/magify94,,2025-11-05T20:07:40.000Z,https://www.reddit.com/r/Romania/comments/1opdn8y/unele_glume_se_scriu_singure/,Romania
r/romania,"Ambasadorul Indiei a mers cu trenul la BraÅŸov, ca sÄƒ ajungÄƒ mai repede la o Ã®ntÃ¢lnire. ÃnsÄƒ, locomotiva s-a stricat È™i a Ã®ntÃ¢rziat 2 ore jumÄƒtate",/u/itrustpeople,,2025-11-05T20:15:14.000Z,https://www.reddit.com/r/Romania/comments/1opdu83/ambasadorul_indiei_a_mers_cu_trenul_la_braÅŸov_ca/,Romania
r/romania,Pe unde va trece aceasta cale ferata?,/u/CyberWarLike1984,,2025-11-05T21:33:21.000Z,https://www.reddit.com/r/Romania/comments/1opfyuj/pe_unde_va_trece_aceasta_cale_ferata/,Romania
r/romania,"SchismÄƒ Ã®n AUR! Dan TanasÄƒ susÅ£ine cÄƒ nu francezii, ci nepalezii au furat apa din Vidraru",/u/OsarmaBeanLatin,,2025-11-05T22:06:12.000Z,https://www.reddit.com/r/Romania/comments/1opgtmm/schismÄƒ_Ã®n_aur_dan_tanasÄƒ_susÅ£ine_cÄƒ_nu_francezii/,Romania
r/romania,"""Ãntoarcerea unui gigant romÃ¢nesc"". Noile planuri pentru DAC FOTO",/u/BentudeSoli,,2025-11-06T06:28:07.000Z,https://www.reddit.com/r/Romania/comments/1oprmce/Ã®ntoarcerea_unui_gigant_romÃ¢nesc_noile_planuri/,Romania
r/romania,"Banii fiscalizaÅ£i din meditaÅ£ii, declaraÅ£i la ANAF: 198 de milioane de lei Ã®n 2024. O treime din bani, doar Ã®n CapitalÄƒ ÅŸi Ilfov. Un profesor a declarat 1,5 milioane de lei Ã®n 2024 â€“ analizÄƒ exclusivÄƒ",/u/BentudeSoli,,2025-11-06T06:36:26.000Z,https://www.reddit.com/r/Romania/comments/1oprrcx/banii_fiscalizaÅ£i_din_meditaÅ£ii_declaraÅ£i_la_anaf/,Romania
r/romania,Golden Visa la imobiliare Ã®n RomÃ¢nia. Un broker imobiliar avertizeazÄƒ cÄƒ este un atac la accesibilitatea pieÈ›ei rezidenÈ›iale: â€Deschide uÈ™a unei creÈ™teri accelerate de preÈ› exact Ã®ntr-un moment nefavorabil pentru piaÈ›a internÄƒ. RomÃ¢nia pare sÄƒ ignore lecÈ›iile Europeiâ€,/u/BentudeSoli,,2025-11-06T06:56:14.000Z,https://www.reddit.com/r/Romania/comments/1ops32e/golden_visa_la_imobiliare_Ã®n_romÃ¢nia_un_broker/,Romania
r/romania,Sondaj INSCOP Parlamentare Noiembrie,/u/Tiger7997,,2025-11-06T07:38:39.000Z,https://www.reddit.com/r/Romania/comments/1opsrn6/sondaj_inscop_parlamentare_noiembrie/,Romania
r/romania,"Procurorii fac percheziÈ›ii la 4 furnizori de energie electricÄƒ, suspectaÈ›i cÄƒ au crescut artificial preÈ›ul pentru a lua bani mai mulÈ›i de la stat. Sunt suspiciuni de Ã®nÈ™elÄƒciune È™i spÄƒlare de bani",/u/sandu635,,2025-11-06T08:06:09.000Z,https://www.reddit.com/r/Romania/comments/1opt6yi/procurorii_fac_percheziÈ›ii_la_4_furnizori_de/,Romania
r/romania,MÃ¢ndri de asemenea ambasadori? â€Lideriiâ€ de carton ai PSD È™i PNL IaÈ™i s-au porcÄƒit atÃ¢t de tare Ã®ncÃ¢t DIGI 24 a tÄƒiat pur È™i simplu emisia naÈ›ionalÄƒ,/u/zdfagr18,,2025-11-06T08:36:09.000Z,https://www.reddit.com/r/Romania/comments/1optnff/mÃ¢ndri_de_asemenea_ambasadori_liderii_de_carton/,Romania
r/romania,"Sper sa vad PSD cenusa! La cat mai multe canibalizari, si in special, cu sentinte definitive de executare!",/u/slamdrunker,,2025-11-06T09:28:22.000Z,https://www.reddit.com/r/Romania/comments/1opug8c/sper_sa_vad_psd_cenusa_la_cat_mai_multe/,Romania
r/romania,"NeamÈ›u de la AUR, de acord: â€DacÄƒ aÈ™ fi preÈ™edinte aÈ™ dona la ruÈ™i tot echipamentul nostru militarâ€",/u/Tiger7997,,2025-11-06T09:32:58.000Z,https://www.reddit.com/r/Romania/comments/1opuisa/neamÈ›u_de_la_aur_de_acord_dacÄƒ_aÈ™_fi_preÈ™edinte/,Romania
r/romania,Manelistul Dani Mocanu a fost condamnat definitiv la 4 ani cu executare pentru tentativÄƒ de omor,/u/Strict_Law2700,,2025-11-06T09:38:03.000Z,https://www.reddit.com/r/Romania/comments/1opulp5/manelistul_dani_mocanu_a_fost_condamnat_definitiv/,Romania
r/romania,"PercheziÈ›ii la grupul Tinmar, unul dintre cei mai mari furnizori de energie / AcuzaÈ›ii cÄƒ tranzacÈ›ionau energie Ã®n cadrul grupului pentru a creÈ™te artificial preÈ›ul ca sÄƒ deconteze sume uriaÈ™e de la stat prin schema de plafonare-compensare.",/u/AdevarulSuprem,,2025-11-06T10:07:17.000Z,https://www.reddit.com/r/Romania/comments/1opv2f1/percheziÈ›ii_la_grupul_tinmar_unul_dintre_cei_mai/,Romania
r/romania,"Senatul a adoptat tacit, fÄƒrÄƒ dezbateri, proiectul de lege iniÈ›iat de USR, privind reducerea la 300 a numÄƒrului de parlamentari",/u/Tiger7997,,2025-11-06T10:14:24.000Z,https://www.reddit.com/r/Romania/comments/1opv6ob/senatul_a_adoptat_tacit_fÄƒrÄƒ_dezbateri_proiectul/,Romania
r/romania,Un baron PSD ameninÈ›Äƒ cÄƒ scoate minerii Ã®n stradÄƒ Ã®mpotriva lui Bolojan: â€SÄƒ-i arÄƒtÄƒm cÄƒ Guvernul nu e Oradeaâ€. ReacÈ›ia PNL,/u/Tiger7997,,2025-11-06T10:29:08.000Z,https://www.reddit.com/r/Romania/comments/1opvfa6/un_baron_psd_ameninÈ›Äƒ_cÄƒ_scoate_minerii_Ã®n_stradÄƒ/,Romania
r/romania,Concedieri la OMV Petrom. Grupul vrea sÄƒ facÄƒ economii de 150 de milioane de euro. Circa o mie de angajaÈ›i ai OMV Petrom Ã®È™i vor pierde locurile de muncÄƒ Ã®n urmÄƒtoarea perioadÄƒ,/u/itrustpeople,,2025-11-06T11:12:13.000Z,https://www.reddit.com/r/Romania/comments/1opw5o8/concedieri_la_omv_petrom_grupul_vrea_sÄƒ_facÄƒ/,Romania
r/romania,"O Ã®ntrebare pentru premierul Bolojan: este uzual sÄƒ vinÄƒ la Guvern pentru â€audienÈ›e politiceâ€ colegii din PNL Ã®nsoÈ›iÈ›i de oameni de afaceri, care-i cer sÄƒ le rezolve problemele?",/u/Strict_Law2700,,2025-11-06T11:13:16.000Z,https://www.reddit.com/r/Romania/comments/1opw6d3/o_Ã®ntrebare_pentru_premierul_bolojan_este_uzual/,Romania
r/romania,Toate ca toate dar Ã®i aminteÈ™te È™i lui cineva cÄƒ nu mai e?,/u/gabi_mara,,2025-11-06T11:22:20.000Z,https://www.reddit.com/r/Romania/comments/1opwc6p/toate_ca_toate_dar_Ã®i_aminteÈ™te_È™i_lui_cineva_cÄƒ/,Romania
r/romania,"UrÈ™ii care intrÄƒ Ã®n localitÄƒÈ›i pot fi Ã®mpuÈ™caÈ›i, amenzi uriaÈ™e pentru cei care Ã®i hrÄƒnesc",/u/ThalesX,,2025-11-06T11:31:20.000Z,https://www.reddit.com/r/Romania/comments/1opwht5/urÈ™ii_care_intrÄƒ_Ã®n_localitÄƒÈ›i_pot_fi_Ã®mpuÈ™caÈ›i/,Romania
r/romania,Ciprian Ciucu face debunk la fake-news-ul de partid AUR,/u/incorporo,,2025-11-06T11:54:30.000Z,https://www.reddit.com/r/Romania/comments/1opwwv3/ciprian_ciucu_face_debunk_la_fakenewsul_de_partid/,Romania
r/romania,EXCLUSIV Ciprian Ciucu: Daniel BÄƒluÈ›Äƒ Ã®l va susÈ›ine pe Piedone ca primar la Sectorul 4. PSD duce campanii Ã®mpotriva mea,/u/itrustpeople,,2025-11-06T12:20:46.000Z,https://www.reddit.com/r/Romania/comments/1opxfpu/exclusiv_ciprian_ciucu_daniel_bÄƒluÈ›Äƒ_Ã®l_va/,Romania
r/romania,Era È™i timpul,/u/nimicdoareu,,2025-11-06T12:36:41.000Z,https://www.reddit.com/r/Romania/comments/1opxr5q/era_È™i_timpul/,Romania
r/romania,Theodor Paleologu: â€DrulÄƒ e destul de dezagreabil È™i aÈ™ spune chiar destul de prost crescut [â€¦] bolnav de prezidenÈ›ialitÄƒâ€,/u/dorel,,2025-11-06T13:11:02.000Z,https://www.reddit.com/r/Romania/comments/1opyiis/theodor_paleologu_drulÄƒ_e_destul_de_dezagreabil/,Romania
r/romania,Atroce... ce altceva se mai poate spune? ğŸ¤®,/u/BrownGoose2002,,2025-11-06T13:26:47.000Z,https://www.reddit.com/r/Romania/comments/1opyvgg/atroce_ce_altceva_se_mai_poate_spune/,Romania
r/romania,Mike NeamÈ›u(AUR) vrea sÄƒ dea arme Rusiei!!,/u/Fulgeralbastru,,2025-11-06T13:33:36.000Z,https://www.reddit.com/r/Romania/comments/1opz19b/mike_neamÈ›uaur_vrea_sÄƒ_dea_arme_rusiei/,Romania
r/romania,"Dani Mocanu È™i fratele sÄƒu, daÈ›i Ã®n urmÄƒrire de poliÈ›ie dupÄƒ ce nu au fost gÄƒsiÈ›i de poliÈ›iÈ™tii care au mers sÄƒ-i conducÄƒ la penitenciar",/u/Strict_Law2700,,2025-11-06T14:11:10.000Z,https://www.reddit.com/r/Romania/comments/1opzy8x/dani_mocanu_È™i_fratele_sÄƒu_daÈ›i_Ã®n_urmÄƒrire_de/,Romania
r/romania,S-a stricat si YOXO. Abonamentul cu 9 lei 10GB devine 3 euro 3GB.,/u/nghb09,,2025-11-06T14:34:37.000Z,https://www.reddit.com/r/Romania/comments/1oq0j0b/sa_stricat_si_yoxo_abonamentul_cu_9_lei_10gb/,Romania
r/romania,Ce se aflÄƒ la blocul despre care George Simion a spus cÄƒ â€e reabilitat pentru migranÈ›iâ€. Ciprian Ciucu i-a spus cÄƒ â€minte oamenii fÄƒrÄƒ jenÄƒ È™i cu bunÄƒ È™tiinÈ›Äƒâ€,/u/Bairrfhionn69,,2025-11-06T15:55:55.000Z,https://www.reddit.com/r/Romania/comments/1oq2n5a/ce_se_aflÄƒ_la_blocul_despre_care_george_simion_a/,Romania
r/romania,"RomÃ¢nia a primit un sistem anti-dronÄƒ de ultimÄƒ generaÈ›ie din partea SUA, anunÈ›Äƒ presa de peste Ocean",/u/Bairrfhionn69,,2025-11-06T15:59:14.000Z,https://www.reddit.com/r/Romania/comments/1oq2qab/romÃ¢nia_a_primit_un_sistem_antidronÄƒ_de_ultimÄƒ/,Romania
r/romania,"Am Ã®nÈ›eles frate, hooo",/u/Racer_E36,,2025-11-06T16:13:03.000Z,https://www.reddit.com/r/Romania/comments/1oq34cy/am_Ã®nÈ›eles_frate_hooo/,Romania
r/romania,â€Nu trebuie sÄƒ tolerÄƒm asa cevaâ€. Academia RomÃ¢nÄƒ opreÈ™te organizarea unei conferinÈ›e cu teorii anti-vaccin Ã®n amfiteatrul Academiei RomÃ¢ne / Ministerul SÄƒnÄƒtÄƒÈ›ii face plÃ¢ngere la parchet,/u/itrustpeople,,2025-11-06T17:04:52.000Z,https://www.reddit.com/r/Romania/comments/1oq4iat/nu_trebuie_sÄƒ_tolerÄƒm_asa_ceva_academia_romÃ¢nÄƒ/,Romania
r/romania,Au inceput magariile,/u/796bgd,,2025-11-06T17:37:28.000Z,https://www.reddit.com/r/Romania/comments/1oq5ds4/au_inceput_magariile/,Romania
r/romania,"Bolojan: TVA-ul sau alte taxe nu vor creÅŸte anul viitor, condiÅ£ia de bazÄƒ, Ã®nsÄƒ, este sÄƒ construim un buget serios care sÄƒ se bazeze pe realitate / Indiferent cine este Ã®n guvernare, cine ar fi premier, nu poÅ£i fugi de deficitul enorm pe care Ã®l avem",/u/random324B21,,2025-11-06T19:11:23.000Z,https://www.reddit.com/r/Romania/comments/1oq7xbb/bolojan_tvaul_sau_alte_taxe_nu_vor_creÅŸte_anul/,Romania
r/romania,Lia Savonea sau ce Ã®nseamnÄƒ eÈ™ecul moral È™i civic al societÄƒÈ›ii romÃ¢neÈ™ti.,/u/Sad_Ad_2836,,2025-11-06T19:44:27.000Z,https://www.reddit.com/r/Romania/comments/1oq8svp/lia_savonea_sau_ce_Ã®nseamnÄƒ_eÈ™ecul_moral_È™i_civic/,Romania
r/romania,RomÃ¢nii cumpÄƒrÄƒ mai puÈ›in pe fondul preÈ›urilor ridicate. Consumul scade pentru a doua lunÄƒ consecutiv,/u/itrustpeople,,2025-11-06T20:45:08.000Z,https://www.reddit.com/r/Romania/comments/1oqadzr/romÃ¢nii_cumpÄƒrÄƒ_mai_puÈ›in_pe_fondul_preÈ›urilor/,Romania
r/romania,ÃncÄƒ un caz de viol asupra unui minor Ã®n tabÄƒra AUR: Lucian Irimescu a fost reÈ›inut de procurorii DIICOT. Ar fi Ã®ntreÈ›inut relaÈ›ii intime cu eleva sa de 16 ani,/u/Substantial-Bad-713,,2025-11-06T21:25:00.000Z,https://www.reddit.com/r/Romania/comments/1oqbfxw/Ã®ncÄƒ_un_caz_de_viol_asupra_unui_minor_Ã®n_tabÄƒra/,Romania
r/romania,Un redditor a semnalat un caz de,/u/incorporo,,2025-11-06T23:14:20.000Z,https://www.reddit.com/r/Romania/comments/1oqe6hf/un_redditor_a_semnalat_un_caz_de/,Romania
r/romania,"VÃ¢nd site eMag, varianta funcÈ›ionalÄƒ",/u/MostRelation7039,,2025-11-07T05:37:02.000Z,https://www.reddit.com/r/Romania/comments/1oqm7xm/vÃ¢nd_site_emag_varianta_funcÈ›ionalÄƒ/,Romania
r/romania,GÄƒseÈ™te-l pe Dani Mocanu,/u/ZenPenIsCool,,2025-11-07T06:15:54.000Z,https://www.reddit.com/r/Romania/comments/1oqmwt3/gÄƒseÈ™tel_pe_dani_mocanu/,Romania
r/romania,"Fostul primar Daniel Tudorache se pregÄƒteÈ™te sÄƒ intre Ã®n Top 10 inculpaÈ›i de lux ajutaÈ›i de Lia Savonea, È™efa Ãnaltei CurÈ›i, sÄƒ scape de pedepse",/u/BentudeSoli,,2025-11-07T06:39:59.000Z,https://www.reddit.com/r/Romania/comments/1oqnb2p/fostul_primar_daniel_tudorache_se_pregÄƒteÈ™te_sÄƒ/,Romania
r/romania,"Portretul securistului roman, batau;ii care si-au terorizat propriul popor. Semianalfabeti, brutali, incapabili sa invete o meserie",/u/BentudeSoli,,2025-11-07T06:55:03.000Z,https://www.reddit.com/r/Romania/comments/1oqnk0g/portretul_securistului_roman_batauii_care_siau/,Romania
r/romania,"Impozitarea la valoarea de piaÈ›Äƒ a locuinÈ›elor - De cÃ¢nd È™i cum veÈ›i plÄƒti. ""RÄƒspunsul trist, dar adevÄƒrat, este urmÄƒtorul: efectul va fi unul mare!""",/u/BentudeSoli,,2025-11-07T07:00:45.000Z,https://www.reddit.com/r/Romania/comments/1oqnna1/impozitarea_la_valoarea_de_piaÈ›Äƒ_a_locuinÈ›elor_de/,Romania
r/romania,"Daca tocmai te-ai trezit si vrei ceva de pe emag de black friday, ai ratat oferta",/u/KinookRO,,2025-11-07T07:05:47.000Z,https://www.reddit.com/r/Romania/comments/1oqnqan/daca_tocmai_teai_trezit_si_vrei_ceva_de_pe_emag/,Romania
r/romania,"Statul romÃ¢n, dator cu 810 milioane de lei la diverse firme. Arieratele la buget au crescut de trei ori Ã®n doi ani",/u/itrustpeople,,2025-11-07T07:05:53.000Z,https://www.reddit.com/r/Romania/comments/1oqnqcd/statul_romÃ¢n_dator_cu_810_milioane_de_lei_la/,Romania
r/romania,"Alexandru Muraru, liderul PNL IaÈ™i, versus Bogdan Cojocaru, liderul PSD IaÈ™i invitaÈ›i la Digi24",/u/zdfagr18,,2025-11-07T07:08:17.000Z,https://www.reddit.com/r/Romania/comments/1oqnrqg/alexandru_muraru_liderul_pnl_iaÈ™i_versus_bogdan/,Romania
r/romania,PercheziÅ£ii la combinatul Liberty GalaÅ£i. 300 milioane euro - delapidaÅ£i cu ajutorul Gazprom Rusia,/u/BentudeSoli,,2025-11-07T07:14:40.000Z,https://www.reddit.com/r/Romania/comments/1oqnvdk/percheziÅ£ii_la_combinatul_liberty_galaÅ£i_300/,Romania
r/romania,"Diana Sosoaca, chemata pentru audieri la Parchetul General - 07.11.2025",/u/BentudeSoli,,2025-11-07T07:35:04.000Z,https://www.reddit.com/r/Romania/comments/1oqo6kl/diana_sosoaca_chemata_pentru_audieri_la_parchetul/,Romania
r/romania,"Trei profesori de la acelaÈ™i liceu, trei cazuri de abuz sexual. CÃ¢nd tÄƒcerea hrÄƒneÈ™te o metodÄƒ.",/u/nimicdoareu,,2025-11-07T08:47:19.000Z,https://www.reddit.com/r/Romania/comments/1oqpal0/trei_profesori_de_la_acelaÈ™i_liceu_trei_cazuri_de/,Romania
r/romania,Black fraierday emag,/u/Crank7777777,,2025-11-07T09:08:52.000Z,https://www.reddit.com/r/Romania/comments/1oqpmsy/black_fraierday_emag/,Romania
r/romania,Fritz - Examenul de cetÄƒÅ£enie. La ce Ã®ntrebÄƒri trebuie sÄƒ rÄƒspunzi dacÄƒ vrei sÄƒ fii romÃ¢n: NumeÅŸte doi zei dacici.,/u/Fulgeralbastru,,2025-11-07T09:51:40.000Z,https://www.reddit.com/r/Romania/comments/1oqqb2g/fritz_examenul_de_cetÄƒÅ£enie_la_ce_Ã®ntrebÄƒri/,Romania
r/romania,Charley Ottley a depus jurÄƒmÃ¢ntul de cetÄƒÅ£ean romÃ¢n,/u/itport_ro,,2025-11-07T09:56:37.000Z,https://www.reddit.com/r/Romania/comments/1oqqdwh/charley_ottley_a_depus_jurÄƒmÃ¢ntul_de_cetÄƒÅ£ean/,Romania
r/romania,È˜ase migranÈ›i au murit dupÄƒ ce È™oferul romÃ¢n a Ã®ncercat sÄƒ scape de poliÈ›ia din Bulgaria È™i a fÄƒcut accident,/u/itrustpeople,,2025-11-07T10:28:42.000Z,https://www.reddit.com/r/Romania/comments/1oqqwr5/È™ase_migranÈ›i_au_murit_dupÄƒ_ce_È™oferul_romÃ¢n_a/,Romania
r/romania,"ULTIMA ORÄ‚ CreÈ™terile de taxe, Ã®napoi la Parlament. Bolojan confirmÄƒ Profit.ro: MajorÄƒrile de impozit pe locuinÈ›e, maÈ™ini, cÃ¢È™tiguri la bursÄƒ È™i din criptomonede vor fi readoptate Ã®n Parlament. Reforma administraÈ›iei, prin asumare",/u/Artistic-Ferret7873,,2025-11-07T10:42:07.000Z,https://www.reddit.com/r/Romania/comments/1oqr4ig/ultima_orÄƒ_creÈ™terile_de_taxe_Ã®napoi_la_parlament/,Romania
r/romania,"RomÃ¢nia e frumoasÄƒ, dar ""nimeni"" nu o vede - Suntem singura Å£arÄƒ din Europa care atrage mai puÅ£ini turiÅŸti strÄƒini decÃ¢t Ã®n perioada comunistÄƒ",/u/tolanescu,,2025-11-07T11:40:03.000Z,https://www.reddit.com/r/Romania/comments/1oqs59q/romÃ¢nia_e_frumoasÄƒ_dar_nimeni_nu_o_vede_suntem/,Romania
r/romania,"Avertismentul lui NicuÅŸor Dan: â€DacÄƒ Europa continuÄƒ sÄƒ meargÄƒ aÅŸa cum a mers, va pierde lupta cu SUA ÅŸi Chinaâ€",/u/Jean-Luc-1701,,2025-11-07T11:56:27.000Z,https://www.reddit.com/r/Romania/comments/1oqsfzz/avertismentul_lui_nicuÅŸor_dan_dacÄƒ_europa/,Romania
r/romania,"SURSE Jurnalistul CÄƒtÄƒlin Antohe de la cetateanul.net, pus sub acuzare de DNA pentru È™antaj Ã®n dosarul fermierului FÄƒnel Bogos / Antohe, acuzat cÄƒ ar fi primit aproape 12.000 de lei de la Bogos ca sÄƒ scrie articole negative la adresa È™efului DSV Vaslui",/u/itrustpeople,,2025-11-07T12:43:58.000Z,https://www.reddit.com/r/Romania/comments/1oqteqp/surse_jurnalistul_cÄƒtÄƒlin_antohe_de_la/,Romania
r/romania,Moldova vrea sÄƒ preia pÃ¢nÄƒ la 17 noiembrie infrastructura È™i resursele Lukoil Moldova,/u/KingBlana,,2025-11-07T12:51:47.000Z,https://www.reddit.com/r/Romania/comments/1oqtkxo/moldova_vrea_sÄƒ_preia_pÃ¢nÄƒ_la_17_noiembrie/,Romania
r/romania,"Un nou dosar explodeazÄƒ la DNA: Omul care a vrut sÄƒ-i dea ÅŸpagÄƒ 1 milion de euro ministrului IonuÅ£ MoÅŸteanu, reÅ£inut",/u/Fulgeralbastru,,2025-11-07T13:07:50.000Z,https://www.reddit.com/r/Romania/comments/1oqtxoq/un_nou_dosar_explodeazÄƒ_la_dna_omul_care_a_vrut/,Romania
r/romania,Probabil suntem un popor de latifundiari dacÄƒ avocatul poporutui trebuie sÄƒ aibÄƒ 5 terenuri È™i 7 case. Oare toÈ›i magistraÈ›ii pensionari la 50 de ani au un asemenea succes la investiÈ›ii Ã®n BucureÈ™ti?,/u/Consistent-Low-0,,2025-11-07T13:27:30.000Z,https://www.reddit.com/r/Romania/comments/1oqudyh/probabil_suntem_un_popor_de_latifundiari_dacÄƒ/,Romania
r/romania,Consiliul PSD,/u/swiftingblade,,2025-11-07T13:37:56.000Z,https://www.reddit.com/r/Romania/comments/1oqumou/consiliul_psd/,Romania
r/romania,Marcel Ciolacu: USR trebuie sÄƒ plece din coaliÅ£ia de guvernare,/u/Fulgeralbastru,,2025-11-07T13:52:00.000Z,https://www.reddit.com/r/Romania/comments/1oquygw/marcel_ciolacu_usr_trebuie_sÄƒ_plece_din_coaliÅ£ia/,Romania
r/romania,"Congresul PSD a votat in unanimitate sa nu mai fie partid progresist. Grindeanu ales coreean cu 99,18% presedinte. Dbrogeanu-Gherea È™i Titel Petrescu se rostogolesc Ã®n mormÃ¢nt.",/u/Interesting_Cod_2718,,2025-11-07T15:03:53.000Z,https://www.reddit.com/r/Romania/comments/1oqwqsr/congresul_psd_a_votat_in_unanimitate_sa_nu_mai/,Romania
r/romania,MoÈ™teanu despre mita de 1 milion de euro refuzatÄƒ,/u/Fulgeralbastru,,2025-11-07T15:04:09.000Z,https://www.reddit.com/r/Romania/comments/1oqwr12/moÈ™teanu_despre_mita_de_1_milion_de_euro_refuzatÄƒ/,Romania
r/romania,"Ãnalta Curte condusÄƒ de Lia Savonea acuzÄƒ o campanie fÄƒrÄƒ precedent de denigrare a judecÄƒtorilor, Ã®n contextul eliberÄƒrilor pe bandÄƒ rulantÄƒ a infractorilor celebri",/u/itrustpeople,,2025-11-07T15:47:23.000Z,https://www.reddit.com/r/Romania/comments/1oqxvxa/Ã®nalta_curte_condusÄƒ_de_lia_savonea_acuzÄƒ_o/,Romania
r/romania,"Protest, vineri 14 noiembrie, Ã®mpotriva Liei Savonea, È™efa Ãnaltei CurÈ›i de CasaÈ›ie / â€Vrem revocarea apÄƒrÄƒtoarei corupÈ›ilor!â€ / â€IeÈ™im pentru cÄƒ JustiÈ›ia se prÄƒbuÈ™eÈ™te Ã®n faÈ›a noastrÄƒâ€",/u/Professional-Front26,,2025-11-07T16:04:24.000Z,https://www.reddit.com/r/Romania/comments/1oqyc6r/protest_vineri_14_noiembrie_Ã®mpotriva_liei/,Romania
r/romania,Cat credeti ca mai dureaza pana se aliaza oficial PSD cu AUR si intra la guvernare impreuna?,/u/Objective57,,2025-11-07T16:04:42.000Z,https://www.reddit.com/r/Romania/comments/1oqyci2/cat_credeti_ca_mai_dureaza_pana_se_aliaza_oficial/,Romania
r/romania,"Gabriela Firea explicÄƒ de ce PSD a pierdut votanÈ›i Ã®n favoarea AUR: Ne-am ascuns credinÈ›a, ne-am ascuns cruciuliÈ›ele de la gÃ¢t, am fost timoraÈ›i de plÄƒcuÈ›e",/u/Strict_Law2700,,2025-11-07T16:37:40.000Z,https://www.reddit.com/r/Romania/comments/1oqz88v/gabriela_firea_explicÄƒ_de_ce_psd_a_pierdut/,Romania
r/romania,NicuÅŸor Dan a vorbit la telefon cu Volodimir Zelenski: â€RomÃ¢nia È™i Ucraina lucreazÄƒ la un parteneriat strategicâ€,/u/Jean-Luc-1701,,2025-11-07T16:41:25.000Z,https://www.reddit.com/r/Romania/comments/1oqzbx7/nicuÅŸor_dan_a_vorbit_la_telefon_cu_volodimir/,Romania
r/romania,"Cum a ajuns Alexandrescu candidata AUR. Claudiu TÃ¢rziu: â€AUR are datorii financiare la patronul Realitatea TV, Maricel PÄƒcuraruâ€. Cine ar fi trebuit sÄƒ fie candidatul AUR",/u/OffaThatThang,,2025-11-07T17:36:57.000Z,https://www.reddit.com/r/Romania/comments/1or0tfc/cum_a_ajuns_alexandrescu_candidata_aur_claudiu/,Romania
r/romania,Ce ne enerveazÄƒ #43 - Brand de trÄƒdÄƒtori,/u/razvanmnl,,2025-11-07T17:55:56.000Z,https://www.reddit.com/r/Romania/comments/1or1bdp/ce_ne_enerveazÄƒ_43_brand_de_trÄƒdÄƒtori/,Romania
r/romania,ÃncÄƒ o doctoriÈ›Äƒ din RomÃ¢nia a murit Ã®n timpul gÄƒrzii. Tragedia are loc la aproape douÄƒ sÄƒptÄƒmÃ¢ni de la decesul È˜tefaniei Szabo,/u/nohssiwi,,2025-11-07T18:11:26.000Z,https://www.reddit.com/r/Romania/comments/1or1qd4/Ã®ncÄƒ_o_doctoriÈ›Äƒ_din_romÃ¢nia_a_murit_Ã®n_timpul/,Romania
r/romania,"La al 15-lea congres, Grindeanu reales",/u/almanea,,2025-11-07T18:20:52.000Z,https://www.reddit.com/r/Romania/comments/1or1zfy/la_al_15lea_congres_grindeanu_reales/,Romania
r/romania,I happen to like the Romanian people,/u/CyberWarLike1984,,2025-11-07T18:52:41.000Z,https://www.reddit.com/r/Romania/comments/1or2tu8/i_happen_to_like_the_romanian_people/,Romania
r/romania,"iPhone 15, 128GB: epuizat Ã®n 50 de secunde - Black Friday 2025 la eMAG",/u/itrustpeople,,2025-11-07T19:37:30.000Z,https://www.reddit.com/r/Romania/comments/1or40j0/iphone_15_128gb_epuizat_Ã®n_50_de_secunde_black/,Romania
r/romania,"PrescripÈ›ia CCR a anulat È™i condamnarea manelistului Dani Mocanu pentru proxenetism: 6 ani È™i 5 luni. Face doar 4 ani, pentru tentativÄƒ de omor",/u/rapciune,,2025-11-08T06:18:44.000Z,https://www.reddit.com/r/Romania/comments/1ori45k/prescripÈ›ia_ccr_a_anulat_È™i_condamnarea/,Romania
r/romania,Patru judecÄƒtori CCR demonteazÄƒ argumentele prin care a fost blocatÄƒ reforma pensiilor speciale,/u/Substantial-Bad-713,,2025-11-08T06:19:31.000Z,https://www.reddit.com/r/Romania/comments/1ori4nd/patru_judecÄƒtori_ccr_demonteazÄƒ_argumentele_prin/,Romania
r/romania,"Escrocheria de la Cluj, ajunsÄƒ la IaÈ™i: Transylvania Healing, 1.000 de lei consultaÈ›ia pentru suplimente nutritive. Pseudo-medicinÄƒ de 10 milioane de lei/an. DSP È™i Colegiul Medicilor nu intervin",/u/Professional-Storm27,,2025-11-08T06:49:08.000Z,https://www.reddit.com/r/Romania/comments/1orimpq/escrocheria_de_la_cluj_ajunsÄƒ_la_iaÈ™i/,Romania
r/romania,SurprizÄƒ? primarul IaÈ™ului e Ã®n anturajul pro-Rusia al lui CÄƒlin Georgescu,/u/zdfagr18,,2025-11-08T07:35:50.000Z,https://www.reddit.com/r/Romania/comments/1orjecp/surprizÄƒ_primarul_iaÈ™ului_e_Ã®n_anturajul_prorusia/,Romania
r/romania,Una dintre multele probleme la care inca trebuie sa lucram.,/u/TherionROyt,,2025-11-08T07:46:04.000Z,https://www.reddit.com/r/Romania/comments/1orjk6u/una_dintre_multele_probleme_la_care_inca_trebuie/,Romania
r/romania,"La doar o lunÄƒ dupÄƒ ce 8 copii au murit din cauza infecÈ›iilor nosocomiale contractate la Spitalul â€Sf. Mariaâ€ IaÈ™i, personalul medical a revenit la vechile obiceiuri! Medicii È™i asistenÈ›ii au fost surprinÈ™i Ã®n echipament Ã®n afara unitÄƒÈ›ii medicale",/u/zdfagr18,,2025-11-08T07:50:04.000Z,https://www.reddit.com/r/Romania/comments/1orjmgt/la_doar_o_lunÄƒ_dupÄƒ_ce_8_copii_au_murit_din_cauza/,Romania
r/romania,SighiÈ™oara: Coroana cu â€Slava marelui Putinâ€ depusÄƒ de Ambasada Rusiei la un monument sovietic. Un colonel Ã®n rezervÄƒ luptÄƒ de ani de zile sa restabileascÄƒ adevÄƒrul istoric,/u/OffaThatThang,,2025-11-08T08:18:40.000Z,https://www.reddit.com/r/Romania/comments/1ork2v3/sighiÈ™oara_coroana_cu_slava_marelui_putin_depusÄƒ/,Romania
r/romania,"Reporter:""De ce magistratii isi pot negocia pensia cu liderii politici la 75% din salariul net, iar romanii de rand nu?"" Nicusor Dan:""Dar eu nu am spus niciodata 75%""......iar CERUL ESTE ALBASTRU,APA ESTE LIMPEDE",/u/TTheBBigWWhite,,2025-11-08T09:02:21.000Z,https://www.reddit.com/r/Romania/comments/1orkror/reporterde_ce_magistratii_isi_pot_negocia_pensia/,Romania
r/romania,"Cristian Tudor Popescu, despre Ã®ntÃ¢lnirea lui Bolojan cu afaceristul vasluian: Nici Grindeanu nu visa sÄƒ dea o asemenea loviturÄƒ - HotNews.ro",/u/gabriel191,,2025-11-08T09:21:52.000Z,https://www.reddit.com/r/Romania/comments/1orl2ot/cristian_tudor_popescu_despre_Ã®ntÃ¢lnirea_lui/,Romania
r/romania,NicuÈ™or Dan cere mediului privat sÄƒ suplineascÄƒ statul È™i sÄƒ vinÄƒ cu politici gata scrise,/u/AdevarulSuprem,,2025-11-08T09:31:57.000Z,https://www.reddit.com/r/Romania/comments/1orl87z/nicuÈ™or_dan_cere_mediului_privat_sÄƒ_suplineascÄƒ/,Romania
r/romania,"Programul â€laptele, cornul È™i fructulâ€ pentru elevi, Ã®ntÃ¢rziat din nou: autoritÄƒÈ›ile dau vina pe birocraÈ›ie È™i creÈ™terea TVA",/u/itrustpeople,,2025-11-08T10:07:02.000Z,https://www.reddit.com/r/Romania/comments/1orlsat/programul_laptele_cornul_È™i_fructul_pentru_elevi/,Romania
r/romania,Victorie majorÄƒ pentru Viktor Orban. Donald Trump acordÄƒ Ungariei o scutire de la sancÅ£iunile importului de petrol È™i gaz rusesc,/u/Objective57,,2025-11-08T10:34:24.000Z,https://www.reddit.com/r/Romania/comments/1orm8eg/victorie_majorÄƒ_pentru_viktor_orban_donald_trump/,Romania
r/romania,Grindeanul sa intalnit Cu ICCj sa negocieze pensiile speciale peste 2 saptamani 2 spagari PSD isti eliberati din inchisoare,/u/vrfan22,,2025-11-08T10:59:50.000Z,https://www.reddit.com/r/Romania/comments/1ormn7y/grindeanul_sa_intalnit_cu_iccj_sa_negocieze/,Romania
r/romania,"BÄƒluÅ£Äƒ, despre NicuÅŸor Dan: SÄƒ ÅŸtiÅ£i cÄƒ a fost o prezenÅ£Äƒ necesarÄƒ Ã®n viaÅ£a acestui oraÅŸ. La referendum, viziunea pe care a avut-o a demonstrat cÄƒ reprezintÄƒ Ã®ntru totul voinÅ£a majoritÄƒÅ£ii bucureÅŸtenilor",/u/Zealousideal-Act7502,,2025-11-08T11:10:02.000Z,https://www.reddit.com/r/Romania/comments/1ormtiv/bÄƒluÅ£Äƒ_despre_nicuÅŸor_dan_sÄƒ_ÅŸtiÅ£i_cÄƒ_a_fost_o/,Romania
r/romania,NicuÈ™or Dan cere mediului privat sÄƒ suplineascÄƒ statul È™i sÄƒ vinÄƒ cu politici gata scrise,/u/TheDarkAcademicRO,,2025-11-08T11:12:09.000Z,https://www.reddit.com/r/Romania/comments/1ormurg/nicuÈ™or_dan_cere_mediului_privat_sÄƒ_suplineascÄƒ/,Romania
r/romania,"Congresul PSD. Liderii È™i-au gÄƒsit inamicii - USR, Bolojan È™i LGBT",/u/Tiger7997,,2025-11-08T11:27:14.000Z,https://www.reddit.com/r/Romania/comments/1orn3sd/congresul_psd_liderii_È™iau_gÄƒsit_inamicii_usr/,Romania
r/romania,Ce este un fascism? [CÄƒtÄƒlin Moise],/u/CineZiceAlaE,,2025-11-08T11:30:52.000Z,https://www.reddit.com/r/Romania/comments/1orn5zi/ce_este_un_fascism_cÄƒtÄƒlin_moise/,Romania
r/romania,"Senatorul PSD Paul Pintea a fost urmÄƒrit de poliÈ›ie Ã®n ZalÄƒu È™i blocat, deoarece avea permisul suspendat È™i a refuzat sÄƒ opreascÄƒ la semnalele poliÈ›iÈ™tilor. Intrat Ã®n parlament pe listele POT, acesta este deja condamnat la un an È™i jumÄƒtate de Ã®nchisoare pentru alte douÄƒ fapte similare",/u/that_one_retard_2,,2025-11-08T11:35:49.000Z,https://www.reddit.com/r/Romania/comments/1orn90j/senatorul_psd_paul_pintea_a_fost_urmÄƒrit_de/,Romania
r/romania,"DupÄƒ 35 de ani, Vasile JoiÈ›oiu, individul care a Ã®mpuÈ™cat prima victimÄƒ a RevoluÈ›iei de la TimiÈ™oara, a fost declarat colaborator al SecuritÄƒÈ›ii",/u/BentudeSoli,,2025-11-08T12:24:20.000Z,https://www.reddit.com/r/Romania/comments/1oro41z/dupÄƒ_35_de_ani_vasile_joiÈ›oiu_individul_care_a/,Romania
r/romania,Un romÃ¢n provoacÄƒ stupoare Ã®n Germania. A desenat cu propriul sÃ¢nge svastici pe zeci de maÈ™ini È™i ziduri - HotNews.ro,/u/noble_piece_prise,,2025-11-08T12:53:25.000Z,https://www.reddit.com/r/Romania/comments/1orooon/un_romÃ¢n_provoacÄƒ_stupoare_Ã®n_germania_a_desenat/,Romania
r/romania,"DacÄƒ asa buni au fost cei din PSD care au guvernat, de ce propun acum oameni complet noi?",/u/ovidiuchise,,2025-11-08T13:20:25.000Z,https://www.reddit.com/r/Romania/comments/1orp8pq/dacÄƒ_asa_buni_au_fost_cei_din_psd_care_au/,Romania
r/romania,"Cei care lucraÈ›i Ã®n customer support, cum rezistaÈ›i? Care sunt cele mai tÃ¢mpite/ amuzante Ã®ntrebÄƒri pe care le-aÈ›i primit?",/u/KitTeth,,2025-11-08T13:28:31.000Z,https://www.reddit.com/r/Romania/comments/1orpf2n/cei_care_lucraÈ›i_Ã®n_customer_support_cum/,Romania
r/romania,"SancÈ›iunile SUA pentru Lukoil: RomÃ¢nia vrea o amÃ¢nare, potrivit Politico. Aprovizionarea Republicii Moldova ar putea fi afectatÄƒ",/u/itrustpeople,,2025-11-08T13:32:38.000Z,https://www.reddit.com/r/Romania/comments/1orpi8c/sancÈ›iunile_sua_pentru_lukoil_romÃ¢nia_vrea_o/,Romania
r/romania,"TÃ¢nÄƒrÄƒ de 23 de ani, blocatÄƒ Ã®n trafic, scoasÄƒ cu forÈ›a din maÅŸinÄƒ ÅŸi dusÄƒ la locuinÅ£a unui bÄƒrbat, Ã®n DÃ¢mboviÅ£a",/u/tolanescu,,2025-11-08T14:53:54.000Z,https://www.reddit.com/r/Romania/comments/1orrcvx/tÃ¢nÄƒrÄƒ_de_23_de_ani_blocatÄƒ_Ã®n_trafic_scoasÄƒ_cu/,Romania
r/romania,Ce lucru despre Romania daca vi l-ar spus cineva in 2010 l-ati fi crezut nebun?,/u/ImiPlaceSaProgramez,,2025-11-08T15:35:01.000Z,https://www.reddit.com/r/Romania/comments/1orsd61/ce_lucru_despre_romania_daca_vi_lar_spus_cineva/,Romania
r/romania,"Cipi - senator, consilier in finante, secretar comisie, si actor principal in Fast and Furious Zalau!",/u/slamdrunker,,2025-11-08T17:27:51.000Z,https://www.reddit.com/r/Romania/comments/1orv5qt/cipi_senator_consilier_in_finante_secretar/,Romania
r/romania,Nu ma mira situatia actuala din Romania...,/u/Normal-Letterhead-96,,2025-11-08T17:33:48.000Z,https://www.reddit.com/r/Romania/comments/1orvb0b/nu_ma_mira_situatia_actuala_din_romania/,Romania
r/romania,1 barbat si 4 copii pe un moped,/u/AndyAndrei63,,2025-11-08T17:50:30.000Z,https://www.reddit.com/r/Romania/comments/1orvprh/1_barbat_si_4_copii_pe_un_moped/,Romania
r/romania,Adrian NÄƒstase rÄƒspunzÃ¢ndu la comentarii,/u/Zealousideal-Act7502,,2025-11-08T18:03:45.000Z,https://www.reddit.com/r/Romania/comments/1orw1x1/adrian_nÄƒstase_rÄƒspunzÃ¢ndu_la_comentarii/,Romania
r/romania,CÄƒtÄƒlin DrulÄƒ acuzÄƒ o campanie masivÄƒ de fake news-uri Ã®mpotriva sa: Mafiile PSD ÅŸi AUR bagÄƒ mulÅ£i bani ÅŸi se gÃ¢ndesc cÄƒ vor putea reveni la conducerea acestui oraÅŸ,/u/itrustpeople,,2025-11-08T18:14:02.000Z,https://www.reddit.com/r/Romania/comments/1orwbgq/cÄƒtÄƒlin_drulÄƒ_acuzÄƒ_o_campanie_masivÄƒ_de_fake/,Romania
r/romania,Made in Romania: Artizanii romÃ¢ni sunt promovaÅ£i sub cupola Galeriilor Lafayette din Paris,/u/KingBlana,,2025-11-08T19:12:15.000Z,https://www.reddit.com/r/Romania/comments/1orxscz/made_in_romania_artizanii_romÃ¢ni_sunt_promovaÅ£i/,Romania
r/romania,Cum va funcÈ›iona platforma informaticÄƒ a asigurÄƒrilor de sÄƒnÄƒtate: Pacientul va putea face programÄƒri. Documentele se mutÄƒ online,/u/ThalesX,,2025-11-08T19:15:36.000Z,https://www.reddit.com/r/Romania/comments/1orxvch/cum_va_funcÈ›iona_platforma_informaticÄƒ_a/,Romania
r/romania,Laptop nou lent?!,/u/Mysteryo1989,,2025-11-08T21:56:04.000Z,https://www.reddit.com/r/Romania/comments/1os1p97/laptop_nou_lent/,Romania
r/romania,"ClinicÄƒ care ""nu te judeca, te injecteazÄƒ È™i Ã®l face sÄƒ regrete"" mÄƒ ameninÈ›a cÄƒ mÄƒ dÄƒ Ã®n judecatÄƒ pentru cÄƒ i-am criticat public pentru cÄƒ Ã®ncalca legea, daca nu sterg postarile. Not gonna happen.",/u/incorporo,,2025-11-09T01:52:24.000Z,https://www.reddit.com/r/Romania/comments/1os6xbl/clinicÄƒ_care_nu_te_judeca_te_injecteazÄƒ_È™i_Ã®l/,Romania
r/romania,Credeti ca intra Georgescu la puscarie pana la urma?,/u/Objective57,,2025-11-09T06:30:22.000Z,https://www.reddit.com/r/Romania/comments/1osc7rt/credeti_ca_intra_georgescu_la_puscarie_pana_la/,Romania
r/romania,Republica Moldova ar putea impune vize pentru cetÄƒÅ£enii din CSI. Guvernul se pregÄƒteÅŸte sÄƒ denunÅ£e un acord ce permitea libera circulaÅ£ie,/u/itrustpeople,,2025-11-09T07:18:35.000Z,https://www.reddit.com/r/Romania/comments/1osd0zj/republica_moldova_ar_putea_impune_vize_pentru/,Romania
r/romania,PNL IaÈ™i versus PSD IaÈ™i,/u/zdfagr18,,2025-11-09T07:19:16.000Z,https://www.reddit.com/r/Romania/comments/1osd1dh/pnl_iaÈ™i_versus_psd_iaÈ™i/,Romania
r/romania,RomÃ¢nia atrage mai puÈ›ini turiÈ™ti strÄƒini decÃ¢t Ã®n comunism,/u/electric-susaloo,,2025-11-09T08:55:53.000Z,https://www.reddit.com/r/Romania/comments/1oselbk/romÃ¢nia_atrage_mai_puÈ›ini_turiÈ™ti_strÄƒini_decÃ¢t/,Romania
r/romania,Austeritatea loveÈ™te dur cultura. OraÈ™ul din RomÃ¢nia unde trei dintre muzee pot fi vizitate doar cu programare: â€DescurajeazÄƒ turismulâ€,/u/Ok_Skin_8599,,2025-11-09T08:59:48.000Z,https://www.reddit.com/r/Romania/comments/1osenjo/austeritatea_loveÈ™te_dur_cultura_oraÈ™ul_din/,Romania
r/romania,De ce romÃ¢nii ajunÅŸi prima oarÄƒ la ChiÅŸinÄƒu perioada asta au impresia cÄƒ â€œpeste tot se vorbeÅŸte rusÄƒâ€ ÅŸi trag tot felul de concluzii aiurea despre moldoveni.,/u/itrustpeople,,2025-11-09T09:38:57.000Z,https://www.reddit.com/r/Romania/comments/1osf9n3/de_ce_romÃ¢nii_ajunÅŸi_prima_oarÄƒ_la_chiÅŸinÄƒu/,Romania
r/romania,Federalizarea europei este cosmarul tuturor playerilor,/u/he_said_it_too,,2025-11-09T10:51:40.000Z,https://www.reddit.com/r/Romania/comments/1osgg6y/federalizarea_europei_este_cosmarul_tuturor/,Romania
r/romania,"Senatorul Paul Ciprian Pintea, care a intrat Ã®n Parlament pe listele POT, prins din nou conducÃ¢nd fÄƒrÄƒ permis",/u/Public605,,2025-11-09T10:52:49.000Z,https://www.reddit.com/r/Romania/comments/1osggvb/senatorul_paul_ciprian_pintea_care_a_intrat_Ã®n/,Romania
r/romania,"Doi romÃ¢ni au fost rÄƒniÈ›i Ã®n piaÈ›a Taksim din Istanbul, Ã®ntr-un atac armat cu pistolul",/u/tolanescu,,2025-11-09T11:13:05.000Z,https://www.reddit.com/r/Romania/comments/1osgsz8/doi_romÃ¢ni_au_fost_rÄƒniÈ›i_Ã®n_piaÈ›a_taksim_din/,Romania
r/romania,"Valentin Lazea, economist È™ef al BNR: Salariile sÄƒ nu creascÄƒ mai rapid decÃ¢t productivitatea, pensiile sÄƒ nu creascÄƒ mai rapid decÃ¢t salariile / Sectoarele unde ar trebui sÄƒ ajungem sÄƒ fim competitivi sunt mÄƒrfurile, produsele industriale ÅŸi serviciile",/u/LongjumpingBowler244,,2025-11-09T11:27:29.000Z,https://www.reddit.com/r/Romania/comments/1osh1l1/valentin_lazea_economist_È™ef_al_bnr_salariile_sÄƒ/,Romania
r/romania,Nevoie de lÄƒmurit.,/u/Cat-licking,,2025-11-09T12:20:16.000Z,https://www.reddit.com/r/Romania/comments/1oshz9e/nevoie_de_lÄƒmurit/,Romania
r/romania,Date oficiale. Peste un sfert dintre romÃ¢ni sunt sÄƒraci lipiÈ›i,/u/tolanescu,,2025-11-09T12:28:02.000Z,https://www.reddit.com/r/Romania/comments/1osi4g7/date_oficiale_peste_un_sfert_dintre_romÃ¢ni_sunt/,Romania
r/romania,"CrimÄƒ cumplitÄƒ Ã®n Teleorman. O tÃ¢nÄƒrÄƒ a fost ucisÄƒ cu 15 lovituri de cuÅ£it de fostul partener, pe stradÄƒ, Ã®n timp ce-ÅŸi Å£inea Ã®n braÅ£e copilul de doi ani",/u/SwimmingHelicopter15,,2025-11-09T12:30:04.000Z,https://www.reddit.com/r/Romania/comments/1osi5s6/crimÄƒ_cumplitÄƒ_Ã®n_teleorman_o_tÃ¢nÄƒrÄƒ_a_fost_ucisÄƒ/,Romania
r/romania,Accident in IaÈ™i,/u/zdfagr18,,2025-11-09T12:33:56.000Z,https://www.reddit.com/r/Romania/comments/1osi8dx/accident_in_iaÈ™i/,Romania
r/romania,Romaniaâ€™s Economic Crisis Explained,/u/DemocratiaIncaEVie,,2025-11-09T12:44:11.000Z,https://www.reddit.com/r/Romania/comments/1osifot/romanias_economic_crisis_explained/,Romania
r/romania,Scrisorile dintre Mihai Eminescu È™i Veronica Micle vor fi cumpÄƒrate de statul romÃ¢n. Vor costa aproximativ 1.200.000 de euro,/u/itrustpeople,,2025-11-09T12:55:49.000Z,https://www.reddit.com/r/Romania/comments/1osioag/scrisorile_dintre_mihai_eminescu_È™i_veronica/,Romania
r/romania,"Nou caz de femicid Ã®n RomÃ¢nia: TÃ¢nÄƒrÄƒ de 25 de ani, ucisÄƒ de soÈ› Ã®n faÈ›a copilului lor cel mic pe o stradÄƒ Ã®n Teleorman",/u/RadiantReason2063,,2025-11-09T13:15:45.000Z,https://www.reddit.com/r/Romania/comments/1osj3nr/nou_caz_de_femicid_Ã®n_romÃ¢nia_tÃ¢nÄƒrÄƒ_de_25_de_ani/,Romania
r/romania,â€Dedesubturileâ€ popririi pe conturile Metrorex. Scandalul Alstom scoate la ivealÄƒ modificÄƒrile aberante asupra trenurilor noi impuse de sindicatul din subteran,/u/epoxxy,,2025-11-09T14:54:00.000Z,https://www.reddit.com/r/Romania/comments/1oslbxx/dedesubturile_popririi_pe_conturile_metrorex/,Romania
r/romania,Adrian Nastase,/u/Fulgeralbastru,,2025-11-09T14:55:09.000Z,https://www.reddit.com/r/Romania/comments/1oslcu6/adrian_nastase/,Romania
r/romania,"JudecÄƒtorii, indignaÈ›i dupÄƒ ce Oana Gheorghiu le-a spus cÄƒ banii pentru pensiile speciale Ã®i â€pot lua de la gura unui copil care se culcÄƒ flÄƒmÃ¢ndâ€",/u/itrustpeople,,2025-11-09T15:30:31.000Z,https://www.reddit.com/r/Romania/comments/1osm786/judecÄƒtorii_indignaÈ›i_dupÄƒ_ce_oana_gheorghiu_lea/,Romania
r/romania,Exista locuri unde sa nu se fumeze IQOS?,/u/dragosdt,,2025-11-09T15:41:02.000Z,https://www.reddit.com/r/Romania/comments/1osmgfy/exista_locuri_unde_sa_nu_se_fumeze_iqos/,Romania
r/romania,Oul de È™arpe,/u/dorel,,2025-11-09T16:02:24.000Z,https://www.reddit.com/r/Romania/comments/1osmznd/oul_de_È™arpe/,Romania
r/romania,"Saga Continua - Doamna avocat care reprezinta clinica care ""Nu te judeca, te injecteaza"", considera ca nu aveam voie sa public notificarea ei pe Reddit, ca incalc GDPR!",/u/incorporo,,2025-11-09T16:27:25.000Z,https://www.reddit.com/r/Romania/comments/1osnmfy/saga_continua_doamna_avocat_care_reprezinta/,Romania
r/romania,Cu toÈ›ii ne-am dat mari prin cluburi mÄƒcar o datÄƒ. dar poate nu cu sinecura de la stat.,/u/Consistent-Low-0,,2025-11-09T16:35:33.000Z,https://www.reddit.com/r/Romania/comments/1osnu2t/cu_toÈ›ii_neam_dat_mari_prin_cluburi_mÄƒcar_o_datÄƒ/,Romania
r/romania,"Autorul crimei din Teleorman fusese reclamat cÄƒ o rÄƒpise ÅŸi violase pe soÈ›ia lui, dar a fost lÄƒsat Ã®n libertate, deÈ™i Ã®ncÄƒlcase ordinul de protecÈ›ie",/u/Strict_Law2700,,2025-11-09T16:50:59.000Z,https://www.reddit.com/r/Romania/comments/1oso8b9/autorul_crimei_din_teleorman_fusese_reclamat_cÄƒ_o/,Romania
r/romania,"La nici o lunÄƒ dupÄƒ demitere, fostul È™ef al DSP NeamÈ› È™i-a gÄƒsit un nou job cÄƒlduÈ› Ã®n sistemul sanitar ca manager al Spitalului OrÄƒÈ™enesc â€SfÃ¢ntul Ierarh Nicolaeâ€ Bicaz.",/u/itrustpeople,,2025-11-09T17:45:13.000Z,https://www.reddit.com/r/Romania/comments/1ospmaj/la_nici_o_lunÄƒ_dupÄƒ_demitere_fostul_È™ef_al_dsp/,Romania
r/romania,S-a cÃ¢È™tigat premiul la loto 6/49 in valoare de 49.149.676 lei,/u/jtefa1,,2025-11-09T18:35:27.000Z,https://www.reddit.com/r/Romania/comments/1osqwvb/sa_cÃ¢È™tigat_premiul_la_loto_649_in_valoare_de/,Romania
r/romania,Ce viruÈ™i mai circulÄƒ Ã®n perioada asta?,/u/Excellent_Opinions,,2025-11-09T18:46:06.000Z,https://www.reddit.com/r/Romania/comments/1osr6um/ce_viruÈ™i_mai_circulÄƒ_Ã®n_perioada_asta/,Romania
r/romania,Ce face Romania mai bine si mai rau decat alte tari din regiune?,/u/Sea-Rope-31,,2025-11-09T20:20:46.000Z,https://www.reddit.com/r/Romania/comments/1ostmro/ce_face_romania_mai_bine_si_mai_rau_decat_alte/,Romania
r/romania,Ãmi pare rÄƒu de copacii irosiÈ›i pentru ca Turcescu sÄƒ lanseze mizeria asta,/u/DemocratiaIncaEVie,,2025-11-09T20:51:01.000Z,https://www.reddit.com/r/Romania/comments/1osudy8/Ã®mi_pare_rÄƒu_de_copacii_irosiÈ›i_pentru_ca/,Romania
r/romania,"Ministrul JustiÅ£iei anunÅ£Äƒ un proiect de lege care pedepseÅŸte aspru omorul â€din motive josniceâ€, inclusiv cele care au la bazÄƒ genul: Indiferent cÃ¢t ai modifica legea, dacÄƒ rÄƒmÃ¢ne neaplicatÄƒ nu rezolvi nimic",/u/No-Standard6774,,2025-11-09T21:19:07.000Z,https://www.reddit.com/r/Romania/comments/1osv3ja/ministrul_justiÅ£iei_anunÅ£Äƒ_un_proiect_de_lege/,Romania
r/romania,Astia erau aia care erau oripilaÈ›i de salariul Oanei Gheorghiu?,/u/BentudeSoli,,2025-11-09T21:57:58.000Z,https://www.reddit.com/r/Romania/comments/1osw2o4/astia_erau_aia_care_erau_oripilaÈ›i_de_salariul/,Romania
r/romania,La urmatorul protest ar teuisa cerem si demisia lui Catalin Predoiu,/u/falfai_effect,,2025-11-09T22:03:37.000Z,https://www.reddit.com/r/Romania/comments/1osw7wq/la_urmatorul_protest_ar_teuisa_cerem_si_demisia/,Romania
r/romania,Forum Liber - ÃntrebaÈ›i È™i discutaÈ›i cu /r/Romania Orice - 10.11.2025,/u/AutoModerator,,2025-11-10T01:00:30.000Z,https://www.reddit.com/r/Romania/comments/1ot09we/forum_liber_Ã®ntrebaÈ›i_È™i_discutaÈ›i_cu_rromania/,Romania
r/romania,"Which is the ""not so normal here"" ethnicity in your area? Here's a sample of Aromanians from deep Balkans which should be, supposedly, Slavic and Greek by now.",/u/PaysanneDePrahovie,,2025-11-10T05:48:09.000Z,https://www.reddit.com/r/Romania/comments/1ot5x0d/which_is_the_not_so_normal_here_ethnicity_in_your/,Romania
r/romania,NoutÄƒÈ›i Transparenta.eu,/u/freebeeromg,,2025-11-10T06:48:20.000Z,https://www.reddit.com/r/Romania/comments/1ot6x1g/noutÄƒÈ›i_transparentaeu/,Romania
r/romania,RomÃ¢nia È™i protecÈ›ia socialÄƒ ca % din PIB,/u/nimicdoareu,,2025-11-10T06:58:05.000Z,https://www.reddit.com/r/Romania/comments/1ot72qb/romÃ¢nia_È™i_protecÈ›ia_socialÄƒ_ca_din_pib/,Romania
r/romania,Cum voteazÄƒ romÃ¢nii Ã®n funcÈ›ie de vÃ¢rstÄƒ - INSCOP,/u/Tiger7997,,2025-11-10T07:07:48.000Z,https://www.reddit.com/r/Romania/comments/1ot78ev/cum_voteazÄƒ_romÃ¢nii_Ã®n_funcÈ›ie_de_vÃ¢rstÄƒ_inscop/,Romania
r/romania,"Deficitul comercial a crescut cu un miliard de euro Ã®n primele nouÄƒ luni ale lui 2025, la peste 24 miliarde euro, conform datelor INS",/u/Strict_Law2700,,2025-11-10T07:31:06.000Z,https://www.reddit.com/r/Romania/comments/1ot7le9/deficitul_comercial_a_crescut_cu_un_miliard_de/,Romania
r/romania,"Stenograme din cazul Ã®n care i s-a oferit 1 milion de euro mitÄƒ ministrului ApÄƒrÄƒrii ca sÄƒ aranjeze achiziÈ›ia de armament. â€Voi nu vÄƒ daÈ›i seama cÃ¢È›i bani vin! Treij de miliarde de la Comisia EuropeanÄƒ! DÄƒm la geantÄƒ, fÄƒrÄƒ urmeâ€",/u/Jean-Luc-1701,,2025-11-10T08:10:15.000Z,https://www.reddit.com/r/Romania/comments/1ot87ap/stenograme_din_cazul_Ã®n_care_i_sa_oferit_1_milion/,Romania
r/romania,"Peste 20 de ani de imposturÄƒ: Doctorul Cristian Andrei, cel mai mediatizat psihoterapeut al RomÃ¢niei, practicÄƒ fÄƒrÄƒ atestat. AcuzaÈ›ii de hÄƒrÈ›uire sexualÄƒ Ã®n cabinet",/u/Strict_Law2700,,2025-11-10T08:19:36.000Z,https://www.reddit.com/r/Romania/comments/1ot8cew/peste_20_de_ani_de_imposturÄƒ_doctorul_cristian/,Romania
r/romania,Hei oameni entuziasmati de revolutia AI... de ce?,/u/thenightvol,,2025-11-10T08:21:24.000Z,https://www.reddit.com/r/Romania/comments/1ot8dek/hei_oameni_entuziasmati_de_revolutia_ai_de_ce/,Romania
r/romania,"Åeful PoliÅ£iei RomÃ¢ne: Ãn perioada imediat urmÄƒtoare vor fi efectuate analize cu privire la toate cazurile de violenÅ£Äƒ domesticÄƒ, mÄƒsurile concrete luate pentru protecÅ£ia victimelor/ Facem apel la victime sÄƒ accepte monitorizarea prin dispozitiv electronic a agresorului",/u/No-Standard6774,,2025-11-10T08:34:11.000Z,https://www.reddit.com/r/Romania/comments/1ot8kbb/ÅŸeful_poliÅ£iei_romÃ¢ne_Ã®n_perioada_imediat/,Romania
r/romania,"Scenariul lui BÄƒsescu Ã®n scandalul de corupÈ›ie provocat de FÄƒnel Bogos. È˜paga de 1,5 milioane de euro nu era destinatÄƒ lui Ilie Bolojan. Traian BÄƒsescu crede cÄƒ banii erau pentru PNL, partid care are datorii uriaÈ™e dupÄƒ ultimele campanii electorale.",/u/itrustpeople,,2025-11-10T09:05:37.000Z,https://www.reddit.com/r/Romania/comments/1ot91p6/scenariul_lui_bÄƒsescu_Ã®n_scandalul_de_corupÈ›ie/,Romania
r/romania,Cand e un moment bun sa incepem sa ne pisam pe Catalin Predoiu?,/u/Level_Ad8089,,2025-11-10T10:08:14.000Z,https://www.reddit.com/r/Romania/comments/1ota0iu/cand_e_un_moment_bun_sa_incepem_sa_ne_pisam_pe/,Romania
r/romania,"Hidroelectrica intrÄƒ Ã®n rÄƒzboiul preÈ›urilor: Va veni cu o ofertÄƒ de Black Friday pentru clienÈ›ii din furnizare, deÈ™i Ã®n 2025 va avea cea mai micÄƒ producÈ›ie de energie electricÄƒ din istorie",/u/sandu635,,2025-11-10T10:12:06.000Z,https://www.reddit.com/r/Romania/comments/1ota2nf/hidroelectrica_intrÄƒ_Ã®n_rÄƒzboiul_preÈ›urilor_va/,Romania
r/romania,VIDEO EXPLICATIV. JumÄƒtate de miliard de euro riscÄƒ sÄƒ fie luaÈ›i de la proiecte care ar scÄƒdea factura la energie electricÄƒ Ã®n cele mai afectate judeÈ›e din RomÃ¢nia,/u/OffaThatThang,,2025-11-10T10:31:38.000Z,https://www.reddit.com/r/Romania/comments/1otadqm/video_explicativ_jumÄƒtate_de_miliard_de_euro/,Romania
r/romania,"Tertipul folosit de un client care a fugit dintr-un restaurant fÄƒrÄƒ sÄƒ plÄƒteascÄƒ, Ã®n BraÈ™ov. S-a Ã®mulÈ›it numÄƒrul â€fugarilorâ€",/u/dorel,,2025-11-10T11:15:19.000Z,https://www.reddit.com/r/Romania/comments/1otb3ez/tertipul_folosit_de_un_client_care_a_fugit/,Romania
r/romania,Ar trebui USR Tineret sÄƒ se desfiinÈ›eze util pentru a nu cÃ¢È™tiga AUR grupa de vÃ¢rsta 18-29?,/u/vlad89c,,2025-11-10T11:35:01.000Z,https://www.reddit.com/r/Romania/comments/1otbfrs/ar_trebui_usr_tineret_sÄƒ_se_desfiinÈ›eze_util/,Romania
r/romania,"Controale la Parchet È™i PoliÈ›ie, dupÄƒ ce s-a aflat cÄƒ femeia din Teleorman ucisÄƒ de fostul soÈ› reclamase anterior un viol",/u/itrustpeople,,2025-11-10T12:17:06.000Z,https://www.reddit.com/r/Romania/comments/1otc84b/controale_la_parchet_È™i_poliÈ›ie_dupÄƒ_ce_sa_aflat/,Romania
r/romania,Captura de stupefiante in Constanta.,/u/enjustice3192,,2025-11-10T12:17:47.000Z,https://www.reddit.com/r/Romania/comments/1otc8ku/captura_de_stupefiante_in_constanta/,Romania
r/romania,Inspectoratul de jandarmi judetean Constanta a prins o captura serioasa de leustean,/u/DistributionOk6412,,2025-11-10T12:21:41.000Z,https://www.reddit.com/r/Romania/comments/1otcba6/inspectoratul_de_jandarmi_judetean_constanta_a/,Romania
r/romania,Curtea de Apel TimiÅŸoara reacÈ›ioneazÄƒ dupÄƒ ce viceprimarul USR a spus cÄƒ â€judecÄƒtoarele sunt È™antajate de interlopiâ€,/u/q-1,,2025-11-10T12:29:33.000Z,https://www.reddit.com/r/Romania/comments/1otcgwl/curtea_de_apel_timiÅŸoara_reacÈ›ioneazÄƒ_dupÄƒ_ce/,Romania
r/romania,"Senat/Comisia juridicÄƒ - proiectul de eliminare a indemnizaÈ›iei de pensionare a judecÄƒtorilor CCR (~36.000 euro), raport favorabil; Abrudean: E nevoie de echitate",/u/nohssiwi,,2025-11-10T12:39:12.000Z,https://www.reddit.com/r/Romania/comments/1otcnro/senatcomisia_juridicÄƒ_proiectul_de_eliminare_a/,Romania
r/romania,Alegeri prezidentiale 20 Mai 1990,/u/Objective57,,2025-11-10T12:41:44.000Z,https://www.reddit.com/r/Romania/comments/1otcplq/alegeri_prezidentiale_20_mai_1990/,Romania
r/romania,"Concedieri Ã®n masÄƒ Ã®n fuziunea Unicredit-Alpha Bank. Au plecat 1.100, mai pleacÄƒ 500. AngajaÈ›ii vizaÈ›i È™i de ce sunt douÄƒ sindicate",/u/tolanescu,,2025-11-10T13:29:05.000Z,https://www.reddit.com/r/Romania/comments/1otdren/concedieri_Ã®n_masÄƒ_Ã®n_fuziunea_unicreditalpha/,Romania
r/romania,Dani Mocanu ar fi plecat din È›arÄƒ Ã®nainte sÄƒ fie condamnat la Ã®nchisoare. Ce fac autoritÄƒÈ›ile pentru a-l prinde,/u/Tiger7997,,2025-11-10T13:55:00.000Z,https://www.reddit.com/r/Romania/comments/1otedmt/dani_mocanu_ar_fi_plecat_din_È›arÄƒ_Ã®nainte_sÄƒ_fie/,Romania
r/romania,"Ciorba la pungÄƒ, disponibilÄƒ la locker. Carmolimp lanseazÄƒ prima reÈ›ea de lockere refrigerate È™i congelate din RomÃ¢nia",/u/tolanescu,,2025-11-10T14:24:08.000Z,https://www.reddit.com/r/Romania/comments/1otf3pi/ciorba_la_pungÄƒ_disponibilÄƒ_la_locker_carmolimp/,Romania
r/romania,Manelistul Dani Mocanu È™i fratele lui au fost arestaÈ›i la Napoli (surse),/u/nohssiwi,,2025-11-10T14:54:35.000Z,https://www.reddit.com/r/Romania/comments/1otfv39/manelistul_dani_mocanu_È™i_fratele_lui_au_fost/,Romania
r/romania,"CSM i-a fÄƒcut plÃ¢ngere penalÄƒ Oanei Gheorghiu: O acuzÄƒ de incitare la urÄƒ È™i violenÈ›Äƒ / Sorin Grindeanu, limbaj similar cu CSM la adresa vicepremierului",/u/itrustpeople,,2025-11-10T15:05:55.000Z,https://www.reddit.com/r/Romania/comments/1otg5tk/csm_ia_fÄƒcut_plÃ¢ngere_penalÄƒ_oanei_gheorghiu_o/,Romania
r/romania,"Moment de reculegere Ã®n Senatul RomÃ¢niei pentru victimele femicidului: â€PoliÈ›ia nu a reacÈ›ionat, crima nu a fost prevenitÄƒâ€",/u/itrustpeople,,2025-11-10T16:31:19.000Z,https://www.reddit.com/r/Romania/comments/1otifua/moment_de_reculegere_Ã®n_senatul_romÃ¢niei_pentru/,Romania
r/romania,"Primar din ArgeÈ™, maÈ™inÄƒ de 150.000 de euro, cadou pentru fiicÄƒ la majorat. Edilul a declarat venituri doar din salariu",/u/LongjumpingBowler244,,2025-11-10T17:14:26.000Z,https://www.reddit.com/r/Romania/comments/1otjmqo/primar_din_argeÈ™_maÈ™inÄƒ_de_150000_de_euro_cadou/,Romania
r/romania,Fritz: Solidaritate cu Oana Gheorghiul Ã®n conflictul cu CSM,/u/Fulgeralbastru,,2025-11-10T17:49:34.000Z,https://www.reddit.com/r/Romania/comments/1otklnz/fritz_solidaritate_cu_oana_gheorghiul_Ã®n/,Romania
r/romania,ANALIZÄ‚ PlÃ¢ngerea penalÄƒ a CSM Ã®mpotriva lui Gheorghiu: toÈ›i care cÃ¢rtim putem fi bÄƒgaÈ›i la puÈ™cÄƒrie,/u/itrustpeople,,2025-11-10T18:31:15.000Z,https://www.reddit.com/r/Romania/comments/1otlrqt/analizÄƒ_plÃ¢ngerea_penalÄƒ_a_csm_Ã®mpotriva_lui/,Romania
r/romania,Ministerul Mediului anunÈ›Äƒ controale pe toate plajele din RomÃ¢nia. Buzoianu: â€Vrem sÄƒ vedem dacÄƒ situaÈ›ia de la NÄƒvodari nu se repetÄƒ peste tot. Plajele au fost practic prÄƒduiteâ€ - HotNews.ro,/u/Immunix,,2025-11-10T18:33:05.000Z,https://www.reddit.com/r/Romania/comments/1otltl5/ministerul_mediului_anunÈ›Äƒ_controale_pe_toate/,Romania
r/romania,"AUR apÄƒrÄƒ pensiile speciale ale magistraÈ›ilor È™i pe Savonea, cere cercetarea lui Gheorghiu",/u/Substantial-Bad-713,,2025-11-10T19:20:23.000Z,https://www.reddit.com/r/Romania/comments/1otn56y/aur_apÄƒrÄƒ_pensiile_speciale_ale_magistraÈ›ilor_È™i/,Romania
r/romania,"RomÃ¢nia, te iubesc!",/u/Sarpele-Fortis,,2025-11-10T19:27:08.000Z,https://www.reddit.com/r/Romania/comments/1otnbn6/romÃ¢nia_te_iubesc/,Romania
r/romania,Raluca Turcan: PlÃ¢ngerea CSM Ã®mpotriva vicepremierului Oana Gheorghiu e o acÅ£iune de intimidare Ã®n afara rolului constituÅ£ional,/u/itrustpeople,,2025-11-10T19:31:53.000Z,https://www.reddit.com/r/Romania/comments/1otngcl/raluca_turcan_plÃ¢ngerea_csm_Ã®mpotriva/,Romania
r/romania,CÃ¢te plÃ¢ngeri penale a fÄƒcut CSM contra procurorilor È™i judecÄƒtorilor cÃ¢nd corupÈ›ii È›Äƒrii scÄƒpau printre degete justiÈ›iei?,/u/sorinmp89,,2025-11-10T19:46:42.000Z,https://www.reddit.com/r/Romania/comments/1otnuw3/cÃ¢te_plÃ¢ngeri_penale_a_fÄƒcut_csm_contra/,Romania
r/romania,"""Nu mÄƒ plÄƒteÈ™te nimeni sÄƒ merg cu ecranul uriaÈ™ pe camion"" ""USR a distrus È›ara""",/u/Fulgeralbastru,,2025-11-10T19:52:34.000Z,https://www.reddit.com/r/Romania/comments/1oto0q5/nu_mÄƒ_plÄƒteÈ™te_nimeni_sÄƒ_merg_cu_ecranul_uriaÈ™_pe/,Romania